stage,category,holds,elements,of_total,bytes
DP (ZeRO-0),param16,full,867072,867072,1734144
DP (ZeRO-0),grad16,full,867072,867072,1734144
DP (ZeRO-0),master32,full,867072,867072,3468288
DP (ZeRO-0),adam_m,full,867072,867072,3468288
DP (ZeRO-0),adam_v,full,867072,867072,3468288
ZeRO-1,param16,full,867072,867072,1734144
ZeRO-1,grad16,full,867072,867072,1734144
ZeRO-1,master32,1/32 shard,27096,867072,108384
ZeRO-1,adam_m,1/32 shard,27096,867072,108384
ZeRO-1,adam_v,1/32 shard,27096,867072,108384
ZeRO-2,param16,full,867072,867072,1734144
ZeRO-2,grad16,1/32 shard,27096,867072,54192
ZeRO-2,master32,1/32 shard,27096,867072,108384
ZeRO-2,adam_m,1/32 shard,27096,867072,108384
ZeRO-2,adam_v,1/32 shard,27096,867072,108384
ZeRO-3,param16,1/32 shard,27096,867072,54192
ZeRO-3,grad16,1/32 shard,27096,867072,54192
ZeRO-3,master32,1/32 shard,27096,867072,108384
ZeRO-3,adam_m,1/32 shard,27096,867072,108384
ZeRO-3,adam_v,1/32 shard,27096,867072,108384
